Price,Close,High,Low,Open,Volume
Ticker,JNJ,JNJ,JNJ,JNJ,JNJ
Date,,,,,
2022-10-10,146.4105682373047,147.2046364161161,145.287903794096,146.6113693282634,5315600
2022-10-11,148.52809143066406,149.78765940700887,146.37405470950782,146.37405470950782,6212200
2022-10-12,148.4916229248047,150.49049815901472,148.31820249047743,148.71980477479002,4341700
2022-10-13,150.7368927001953,151.50359413885835,146.72089855930787,146.84867981123304,6465100
2022-10-14,150.10711669921875,151.22063103510865,149.3221707749246,150.08885825620408,5684600
2022-10-17,152.05123901367188,152.61713941550246,150.60912819467373,150.96509128798183,6710800
2022-10-18,151.52182006835938,152.5805868413535,148.82015566560705,150.5999707159186,10883600
2022-10-19,150.3170623779297,151.7409147481304,149.58687774710245,151.51273292144145,10044600
2022-10-20,150.70037841796875,151.27540097198755,149.98845236399825,150.5999778756339,5659900
2022-10-21,153.9862060546875,154.58859539866845,150.07972097758457,150.33529739659352,8487600
2022-10-24,156.05810546875,157.06211104138004,154.47909118371635,154.9902162290142,6855500
2022-10-25,155.81166076660156,156.17674606246354,153.81278604304558,155.31878029736544,5661900
2022-10-26,157.1807403564453,157.5093226702353,155.6382293257954,156.36841379278542,6123800
2022-10-27,157.2720184326172,158.29426841932997,156.7335127379818,157.3085353190635,5390900
2022-10-28,159.6085968017578,160.0832188328432,157.52757995475997,157.90180143940637,6073900
2022-10-31,158.7871551513672,159.87330276858978,158.28515239629218,159.28915790644217,7810000
2022-11-01,157.9839630126953,159.3895708360685,155.54698282382762,158.86930959664625,6985000
2022-11-02,155.5561065673828,158.75978829371377,155.42832530286708,157.801421846289,6877300
2022-11-03,155.82078552246094,156.50533090850956,154.19613225374115,154.99020044488185,4819900
2022-11-04,156.5144500732422,157.4454356794597,154.4699501406688,156.58746991756428,5300900
2022-11-07,157.88356018066406,158.67764238060616,156.4779663046419,156.68788967836775,6621000
2022-11-08,158.66848754882812,159.44431121250304,157.15335710738205,158.0204590587051,5148400
2022-11-09,157.39979553222656,159.72725256937397,157.2993949878128,159.06096564396142,6150000
2022-11-10,159.24351501464844,159.5173359588955,157.02558068607033,159.13399220779434,7877500
2022-11-11,154.47909545898438,158.00222339256334,152.2611748059466,157.65538256203527,11074700
2022-11-14,156.90695190429688,158.13912539061178,155.39182125905822,155.39182125905822,6581500
2022-11-15,157.34506225585938,157.901826478562,155.6382666228542,157.16251957714505,9351000
2022-11-16,158.32167053222656,159.7181420719177,158.0204688768072,158.48595474766685,5500900
2022-11-17,159.59947204589844,159.71813103359054,157.88354052529186,157.9017989681163,4464100
2022-11-18,160.82254028320312,161.22414250558313,159.38042954243525,159.72727035760212,6555700
2022-11-21,161.64927673339844,162.18207707347713,160.60205234552078,161.57578558128372,5706600
2022-11-22,162.43014526367188,162.77002965538225,161.98001710996868,162.04431312220785,4707900
2022-11-23,162.60464477539062,162.96290540577527,161.6860263367628,162.08103955421535,5389200
2022-11-25,162.81593322753906,163.62430790269926,162.46685374373976,162.94453924520124,3058600
2022-11-28,162.8986053466797,163.30279969232967,162.19126524179222,162.36580498350514,6183100
2022-11-29,161.75950622558594,162.83428804186966,160.44588867801826,162.60463344821065,6700500
2022-11-30,163.51409912109375,163.52328026031532,160.55614631900332,162.01674642459898,13288000
2022-12-01,164.19387817382812,165.3145938818273,163.30281709423852,164.43271394125188,6282600
2022-12-02,164.32247924804688,164.39597040896172,162.5587334371079,163.05478125202592,5823900
2022-12-05,164.2305908203125,164.7633911561519,163.51406961415012,163.84477278753306,5120600
2022-12-06,161.76870727539062,165.35131346022706,161.61252981104755,165.27782230553754,7943500
2022-12-07,162.75161743164062,163.4038426518442,161.8881139078517,162.20045481137402,5702600
2022-12-08,162.77920532226562,163.0272362571513,161.9891928034134,162.43013980254494,4798500
2022-12-09,161.43798828125,163.41301205851343,161.36449713375606,162.70567202876194,4561000
2022-12-12,163.36709594726562,163.39465337842066,161.30939966366472,161.63090769947502,4882400
2022-12-13,164.62562561035156,165.53504894373907,163.79886055990156,164.52457701586343,9177500
2022-12-14,165.13084411621094,166.30667458657163,164.04688109575537,164.04688109575537,9533600
2022-12-15,163.0456085205078,165.2043536635453,162.04430366629225,164.61643836291728,7602400
2022-12-16,161.3737335205078,162.59549798401054,160.6296546707599,162.59549798401054,18841800
2022-12-19,161.19915771484375,161.83300667246837,159.9039163851378,161.07974685084542,5736000
2022-12-20,161.3737335205078,162.08107379243214,160.9144242041688,161.67687935133253,6174700
2022-12-21,163.22012329101562,163.67943252677424,161.35532891519614,161.92488189910054,5472000
2022-12-22,162.62301635742188,163.06394927042717,161.070548998398,162.38418061641997,5709100
2022-12-23,163.03640747070312,163.07316006022992,161.50231625759832,162.29232872835348,3683400
2022-12-27,162.99046325683594,163.83560455751189,162.5862829170842,163.6151310855523,3067300
2022-12-28,162.28314208984375,163.92746298179256,162.2739469342707,163.29361399549205,2645400
2022-12-29,163.10989379882812,163.7896765148687,162.6597797180088,163.10071266022146,2828800
2022-12-30,162.27392578125,163.30278786392833,161.12565284473678,163.04557584750967,4216600
2023-01-03,163.68861389160156,163.86315362920573,161.6860185035699,161.82381967289103,6344900
2023-01-04,165.47073364257812,165.52584850277995,163.95500490200715,164.33164180272516,9788800
2023-01-05,164.24896240234375,165.34212047237273,163.89070180953627,164.45105955900473,6255300
2023-01-06,165.58099365234375,166.20564753823655,164.79098113859266,165.470763911776,5706000
2023-01-09,161.29100036621094,165.13081807420318,160.92354464154488,164.70826151209053,7925300
2023-01-10,160.90521240234375,161.8054545660585,160.13357626201682,161.401260201981,5047500
2023-01-11,160.64796447753906,161.41960044553403,158.10338799343427,161.28181331446427,6494800
2023-01-12,159.83961486816406,160.4918401537867,158.7372755000606,160.07845062586804,4269400
2023-01-13,159.31597900390625,159.84877934664328,158.35144091797272,159.09551956346618,6088000
2023-01-17,158.33306884765625,160.37240282813175,158.08503795354315,159.83960247118725,6053300
2023-01-18,155.94467163085938,158.00238211852508,155.89875191942966,157.68086003648153,7047800
2023-01-19,155.73338317871094,157.3409654504335,154.9801233459464,155.27407395821876,6939500
2023-01-20,155.00767517089844,156.26617790408295,153.85020700624278,156.25699676612703,8620600
2023-01-23,154.61268615722656,155.82526937334612,154.28198291801274,155.33840266242117,8425400
2023-01-24,154.61268615722656,157.074591164042,152.49986068541645,155.2649114962618,10541800
2023-01-25,155.71499633789062,155.71499633789062,153.48276040565997,153.56543269566762,7099800
2023-01-26,155.1454620361328,156.0824567350592,154.92498857256058,155.75175354820308,6946100
2023-01-27,154.5391845703125,155.12709984293696,154.11662791464798,154.82395405934852,6058100
2023-01-30,148.81619262695312,154.82395127292918,147.97106531382838,154.26359344371537,23259100
2023-01-31,150.12062072753906,150.1298018656304,147.94349955448894,148.54059592153496,11612500
2023-02-01,151.49853515625,152.4722683552502,149.1836130115491,149.7256084858069,9865300
2023-02-02,152.06808471679688,152.69275252153452,149.56945554885976,149.73480013372873,10099000
2023-02-03,151.21377563476562,152.8029815446327,150.5523692643114,152.51821208288243,6868500
2023-02-06,150.06552124023438,151.43426787433734,149.82668547234653,151.15867951630912,7021000
2023-02-07,150.1022491455078,150.54319609381704,148.2833885389989,148.44874714886618,7310800
2023-02-08,150.29515075683594,151.16783539727325,149.64292555238055,150.01038130735674,6054700
2023-02-09,148.26502990722656,151.38834141995667,147.96189811753564,150.31355938730474,7949500
2023-02-10,148.95396423339844,149.54187943403636,148.21908074535406,148.60489878167857,7028000
2023-02-13,149.50514221191406,149.56945222704894,148.03534718858975,148.2007057867907,6414700
2023-02-14,148.8529510498047,149.7072736324777,148.595738964421,149.49599528027125,6316000
2023-02-15,146.4002227783203,148.79781757353916,146.32673161782634,148.77026014047962,12621800
2023-02-16,145.36215209960938,146.65739313618144,145.06818754120897,146.12460690383358,11177000
2023-02-17,148.3969268798828,149.06309041195277,144.9088225686028,145.278921262987,12401900
2023-02-21,146.18563842773438,148.35992414008567,146.0838630514579,147.71225495405992,9423900
2023-02-22,145.98208618164062,146.9720842969124,145.60274031778013,146.64824970721267,9820200
2023-02-23,145.93582153320312,146.73151606810634,144.95508471251762,145.91732718709991,9385100
2023-02-24,144.30743408203125,145.12163710584628,143.60426772735036,144.9365806965633,8689700
2023-02-27,143.99285888671875,145.16788518689162,143.48398200350678,144.75153650710791,7267100
2023-02-28,141.800048828125,143.65976103696187,141.59649809762723,143.3914377477511,9062300
2023-03-01,141.1616668701172,141.78156628538866,140.5510146277944,141.56875424717776,6767000
2023-03-02,141.05062866210938,141.3374463164135,139.92185239058776,140.4029736172579,8762500
2023-03-03,142.5032501220703,142.59576421089463,141.41147657849453,141.90184501451228,5747200
2023-03-06,143.9281005859375,144.08538725309734,143.01213622319347,143.09540314383872,8148200
2023-03-07,142.5679931640625,144.56648362192902,141.88333533303427,144.4184441544232,7457700
2023-03-08,141.52249145507812,142.6697619810071,141.07837307295722,142.46621125199002,6230500
2023-03-09,139.93112182617188,142.11465476006794,139.44075339811158,141.9851237435581,7439400
2023-03-10,140.27346801757812,142.01289683982222,139.80160799610334,140.50477444105425,8504300
2023-03-13,141.61502075195312,144.2519192226855,140.23644371466781,140.71755083694998,10799600
2023-03-14,142.41070556640625,142.51248093490454,140.5417461257196,141.8185618181854,8421200
2023-03-15,142.80857849121094,143.3081941085612,141.1246611051568,141.41147878528588,7757700
2023-03-16,142.51248168945312,142.82705496908773,141.18941600979073,141.97584920887726,7605500
2023-03-17,140.98585510253906,143.36367710897616,140.91183537423095,142.9288200288033,20540700
2023-03-20,142.3829803466797,142.54952831153656,140.9858946423251,141.06916156584174,7129000
2023-03-21,142.3829803466797,142.60503959388097,140.791591036296,142.484755736919,8376800
2023-03-22,139.75531005859375,142.54023364070966,139.7368015962052,142.3459441980008,7943500
2023-03-23,139.829345703125,140.34746976640568,138.88561166339412,139.8755956876293,9051500
2023-03-24,141.2356414794922,141.33741683086674,139.55173871417102,140.15312953368183,5696200
2023-03-27,141.8370819091797,142.98435257414013,141.661286793014,142.6697792703814,6772300
2023-03-28,140.4677276611328,141.97583547006502,140.38444664520094,140.99509880033187,6115300
2023-03-29,141.84629821777344,141.91107076977067,140.69902780245,140.85631442010504,6012000
2023-03-30,141.95733642578125,142.29967944820797,141.3837011547498,142.09612871632837,4555700
2023-03-31,143.4099578857422,143.58575299619545,141.7815660270036,142.29042877685728,9890000
2023-04-03,145.1216278076172,145.26965316060864,142.42921816822746,143.36369085681667,6841900
2023-04-04,146.63897705078125,147.08308128471106,144.8810403402015,145.23263050588127,8314500
2023-04-05,153.2266082763672,153.2728723787528,150.58970973642872,152.07932347918498,16704200
2023-04-06,152.8009796142578,154.72545027202736,152.47715917280044,153.57817973295988,9615400
2023-04-10,152.03306579589844,152.51417290644486,151.40390509452214,152.3198834512145,5354000
2023-04-11,151.98678588867188,152.92125849393585,151.77397387417219,152.12556405654584,5903800
2023-04-12,151.66297912597656,152.51418498646518,150.90430147290246,151.68148759102394,5764100
2023-04-13,153.68922424316406,153.89277500361302,151.5612025498119,151.90353150246597,5640600
2023-04-14,153.4394073486328,153.69846938253517,151.7925069397584,153.55969119216678,7225100
2023-04-17,153.2821044921875,153.80948979548853,152.60669384074666,153.34687705272785,8046400
2023-04-18,148.97052001953125,152.37535645448725,147.71221305062846,151.96825506486906,14571500
2023-04-19,150.3769073486328,150.51568553385337,149.1186000372876,149.8772917640173,6752000
2023-04-20,151.348388671875,151.5704478738323,148.92430238457902,150.28437087837784,9498800
2023-04-21,150.5249481201172,152.63446126055246,149.85878458968273,152.1440928447912,7014200
2023-04-24,151.44091796875,151.56120181329138,149.76626190777625,150.5249536690031,5278900
2023-04-25,152.82875061035156,152.98605137860275,151.88503070777395,152.02380889408784,6263100
2023-04-26,150.46017456054688,152.09782773853075,150.1085984513448,151.82025724971325,5518200
2023-04-27,150.811767578125,151.19111344926745,150.00682585169932,150.7192393741999,5739700
2023-04-28,151.45941162109375,151.51492289227713,150.4046551151474,150.63596149029195,6024900
2023-05-01,151.3668975830078,152.01455261002505,150.10859033716542,151.3668975830078,4893400
2023-05-02,152.68995666503906,153.10630529883133,151.32987410824956,152.05154883824153,7541700
2023-05-03,150.6914825439453,153.75397689081655,150.35840077740158,153.17109438773124,5937200
2023-05-04,150.00682067871094,150.7192341766439,149.1926176892775,150.51568342928556,5128000
2023-05-05,150.5156707763672,150.93203352684907,149.59970660807528,150.66371023796873,5194500
2023-05-08,150.17333984375,150.41390749505442,149.27587003192946,149.8772750423706,4994900
2023-05-09,149.00758361816406,150.00682894631802,148.76701593012461,149.6552387055355,5520500
2023-05-10,149.5626983642578,149.8587773046451,148.09159318848842,149.14634970743148,6756600
2023-05-11,148.95205688476562,150.06232465044818,147.47169045197518,149.72924290896134,5867600
2023-05-12,148.7577667236328,149.47944154224405,148.04533907834977,149.29439925092714,3904200
2023-05-15,147.61972045898438,148.98905014498214,147.05533238090518,148.77625224866958,5104500
2023-05-16,147.42544555664062,148.2674042514316,146.67601507013396,147.16638351483147,5599200
2023-05-17,147.10162353515625,148.09160758796648,145.97284717136137,147.8417927224519,6840700
2023-05-18,146.6297607421875,147.0461094715811,145.7785548169449,146.796308704639,5173000
2023-05-19,147.02761840820312,147.97133845116267,146.31519067089846,146.73153940959517,6527100
2023-05-22,146.23519897460938,148.35131127644604,146.15130382073633,147.28859665436912,5675900
2023-05-23,146.1792755126953,147.54030304282475,145.76910244267438,146.44962331990914,5793000
2023-05-24,146.03944396972656,146.48689901580738,145.34960617941658,146.43096891308969,5015100
2023-05-25,143.9419708251953,145.6945089068925,143.29874623524225,145.47078850992696,6886100
2023-05-26,143.88604736328125,144.75299239019122,143.74620788438855,144.2029940898286,6845400
2023-05-30,143.90469360351562,144.8462311461481,142.92588828892133,143.53181674313117,5593100
2023-05-31,144.54791259765625,145.1352071428046,143.41995089350073,144.2123177467629,11324600
2023-06-01,144.06314086914062,144.52924397231084,142.76737481130095,144.06314086914062,7901300
2023-06-02,146.32843017578125,146.6453769172105,143.64367136758068,144.23096591295953,7659700
2023-06-05,147.58692932128906,147.8852279832341,146.12335839358653,146.12335839358653,6430500
2023-06-06,147.45640563964844,148.78946822550984,146.72928576530265,148.76150317067663,5073600
2023-06-07,147.77334594726562,148.03436257206164,146.76656144119272,147.38182101007158,6504300
2023-06-08,149.39537048339844,149.54452689921567,147.12079915170972,147.75469258242492,5818400
2023-06-09,149.16233825683594,149.83352799069513,148.65895306861182,149.5445462877942,6264400
2023-06-12,149.0597686767578,149.38604654303006,147.969089107826,149.15299498836075,6510600
2023-06-13,149.8428497314453,149.93606182929807,148.36063086488778,148.9013122400566,6066800
2023-06-14,150.6072540283203,151.09200530797995,150.06657264414994,150.6445502475541,6699100
2023-06-15,152.63014221191406,152.79794675213074,150.48606475489262,151.0640423663722,7138300
2023-06-16,153.09625244140625,153.80473840598665,152.76065756985258,153.32930404042017,13426600
2023-06-20,153.00302124023438,154.1030178226069,152.70470840304515,153.12419838404588,7995800
2023-06-21,152.76998901367188,153.73947740861314,151.66066112446492,152.49032424948126,7177500
2023-06-22,154.39199829101562,154.48522460799595,152.68605910551548,152.7886023644583,5485900
2023-06-23,154.2615203857422,154.9979714517552,153.8420303253298,154.84881500492452,9450700
2023-06-26,152.53692626953125,153.79539627993108,150.39284886650887,153.79539627993108,6978800
2023-06-27,152.21998596191406,152.76999858152737,151.42761900881297,152.5835459108291,4927500
2023-06-28,151.91236877441406,152.13608921798675,150.93354916075901,152.13608921798675,6780400
2023-06-29,152.97506713867188,153.18015367283337,151.23183159829915,151.61403961417648,4547500
2023-06-30,154.29879760742188,154.69032256387914,153.2081178949324,153.68353800827194,7580000
2023-07-03,152.27589416503906,153.24538239065416,151.91233430239112,153.19876923404016,4033700
2023-07-05,151.7725067138672,152.8072562846136,151.6979285023142,151.9403112459463,7224600
2023-07-06,150.64456176757812,151.36235046280964,150.08523223101804,151.25049024523403,6332500
2023-07-07,148.45387268066406,150.12251591707727,148.407259514703,149.5911656532764,7022200
2023-07-10,148.6962432861328,149.43269433521607,148.22082312517344,148.62166506443188,5739200
2023-07-11,147.8759307861328,149.43271403042738,146.91575916973764,148.34203406493992,6606700
2023-07-12,147.36318969726562,148.16488777175354,147.17675126178165,148.16488777175354,6940400
2023-07-13,148.04368591308594,148.34199876822623,146.73860273269673,147.28860105697933,6401700
2023-07-14,149.03182983398438,149.36742470069288,148.20216672244672,148.388605154098,5362200
2023-07-17,148.28604125976562,149.03179481111667,147.42839907190495,148.91993462328145,5486800
2023-07-18,148.2767333984375,149.98267265272418,147.46571846049477,148.2860645651151,6332500
2023-07-19,147.97845458984375,149.53523762913272,146.6640401028545,147.2047215419921,7522600
2023-07-20,156.96490478515625,157.67337646791793,150.36488232961784,150.96149380571703,21892900
2023-07-21,158.65220642089844,159.23950099331938,156.77846248958997,156.77846248958997,12080000
2023-07-24,159.48187255859375,162.03612321439024,159.39797739646727,159.87339753952475,15155400
2023-07-25,160.7030792236328,160.9734128520377,158.24205461334736,158.89459632358546,13790100
2023-07-26,161.0106658935547,162.06406351605773,159.78014680627626,160.33947625037348,14288200
2023-07-27,161.91493225097656,162.47424755761247,160.37678315296088,160.50729148027668,12446400
2023-07-28,162.65133666992188,163.47168269221902,161.48607889931253,162.20388166882253,14138800
2023-07-31,156.17251586914062,158.6801530208724,155.4081141214895,158.18608483384037,22632700
2023-08-01,157.4403533935547,157.62679184652808,154.8022073221718,155.09118905793187,15810300
2023-08-02,158.3911895751953,159.63102576857725,157.40305308744414,157.40305308744414,14595600
2023-08-03,159.07167053222656,159.70557816533824,158.1674293510999,158.42844595757583,17424800
2023-08-04,157.58013916015625,160.97336936096897,156.50810765614054,158.7920101370905,23415100
2023-08-07,161.36492919921875,161.5886496256367,157.8784722360214,157.99966361655805,17736400
2023-08-08,161.43948364257812,161.78440965347065,159.7708405887701,161.26237639025337,27378700
2023-08-09,161.33694458007812,162.4369411414741,160.38609021009367,161.27168331406037,42974400
2023-08-10,160.4979705810547,164.0403576664659,160.00390233808406,162.20390996171076,48213800
2023-08-11,162.0640869140625,162.15729901864378,159.98525641869625,160.78695448466684,45905600
2023-08-14,161.68186950683594,163.69543861036175,160.10643852003122,161.75644772078206,64036900
2023-08-15,161.2157745361328,162.72594432840296,160.47000658308735,161.0852662111754,88958100
2023-08-16,160.7030792236328,162.8844390368612,160.46071065249936,160.83358756568043,85832700
2023-08-17,162.21319580078125,163.49964490904154,161.0479380503535,161.14116436012284,70904200
2023-08-18,160.7962646484375,162.19457405357122,159.69625385307612,161.43015808441547,49631700
2023-08-21,156.00473022460938,158.3352459780434,154.7089640346736,158.1860895559822,151319500
2023-08-22,154.764892578125,156.4615006328809,154.1962461710407,155.5479424495508,56834800
2023-08-23,153.37588500976562,155.21233236245158,152.38774871326208,154.65300295249142,119011400
2023-08-24,153.89793395996094,155.37082161424738,152.75132419894058,152.90979756230607,70755100
2023-08-25,156.1045379638672,157.54116805425767,154.0481811563155,154.27354023372405,18185500
2023-08-28,154.26412963867188,156.06697346622107,153.21248267894754,154.93080790410693,18458000
2023-08-29,154.2829132080078,155.5693038166198,152.83689863777073,154.808736688094,12208600
2023-08-30,153.7383270263672,155.7101796711135,153.69137542480328,155.03411672592148,9939100
2023-08-31,151.81341552734375,153.58809138195855,151.43783139593452,153.40028498863774,15333000
2023-09-01,150.6866455078125,152.56459477899327,150.24532628287574,151.569283957686,8610100
2023-09-05,150.8744354248047,152.0857207109634,150.49885130695364,150.7617630549725,9019800
2023-09-06,148.3673858642578,150.23595065851512,147.74767345678018,150.0857112692286,9753800
2023-09-07,150.26412963867188,151.23127249488968,149.27820327552834,149.4284426756987,9931800
2023-09-08,150.76174926757812,150.87442162710624,149.47535873758417,149.8509428210875,6957000
2023-09-11,152.73361206054688,152.76178015237195,150.6584718878701,151.23124696767195,6309300
2023-09-12,153.59747314453125,153.92610567156376,151.67257226933881,152.32046706257287,6045800
2023-09-13,153.98243713378906,154.88384465210703,153.05284719838536,153.76646267768828,7397500
2023-09-14,153.74769592285156,155.18432581896752,153.46600069608849,154.63031995287483,7758400
2023-09-15,151.59744262695312,154.76179669496912,151.37209789809347,153.97304716111532,13392100
2023-09-18,152.55520629882812,153.19370215748563,150.9401688206037,152.22655945370906,5789000
2023-09-19,152.3016815185547,152.91202362221202,151.5317297753579,152.3486331153923,5550800
2023-09-20,152.96835327148438,153.5598975179928,151.7946350387726,152.2922904232332,3837400
2023-09-21,151.79461669921875,153.52232629040404,151.72888160887362,152.64908690802497,4526700
2023-09-22,150.70542907714844,151.5505005184973,150.47068541814977,151.45661165146737,4976700
2023-09-25,150.4800567626953,150.57395994907665,149.04342684227166,150.30166363275418,6722500
2023-09-26,149.3157501220703,150.31106094043633,149.16551074219203,150.05753377784367,4904800
2023-09-27,147.5222930908203,149.07159537743235,145.7851844308853,148.90258683457924,10211600
2023-09-28,147.3063201904297,148.3204143425202,146.6865935984388,147.8884797799653,7861900
2023-09-29,146.2453155517578,147.9824245493907,145.86973138732677,147.76645004360623,7680700
2023-10-02,145.68191528320312,145.93544245751292,143.9636042340382,145.93544245751292,7259700
2023-10-03,145.86032104492188,146.01056042997294,144.4988106459856,145.24059432729857,5740800
2023-10-04,146.0293426513672,146.41431137170403,145.1373195928443,146.07629424973496,4955200
2023-10-05,147.55047607421875,148.39554752901034,146.5457806480828,146.7335727127458,5993300
2023-10-06,148.01995849609375,148.63968518380594,147.03403227975448,147.4941350014103,5802200
2023-10-09,148.86505126953125,149.18431357504053,147.5035407410732,147.58804503034727,4414100
2023-10-10,148.69602966308594,149.55050005341812,148.26409500972156,148.7148131682626,5273500
2023-10-11,146.64903259277344,149.34389918840654,146.5175767340314,148.78990766425176,6922900
2023-10-12,146.78988647460938,147.00584659959927,145.60678375311795,146.40490348791275,5792400
2023-10-13,147.27818298339844,147.75705490801118,146.5270003805345,147.16549628001815,5359800
2023-10-16,147.9166717529297,148.59273463015768,147.26877696828487,148.18898241805482,6408100
2023-10-17,146.56451416015625,149.24998158144143,145.17483602667542,146.46122640058326,12244400
2023-10-18,143.4095916748047,146.43309113903038,142.77109580167175,145.9260511414022,9097300
2023-10-19,143.02462768554688,143.76641136589245,140.98704005653815,142.41428555742908,7733800
2023-10-20,143.6631317138672,144.48003513289288,143.03402037273491,143.4190034453675,7207000
2023-10-23,142.1513671875,144.13260420934546,141.98235863310938,143.53166102548604,5874000
2023-10-24,142.00111389160156,142.68657561308746,140.9682505071236,141.55041012978597,6155300
2023-10-25,142.3203887939453,142.8837649644804,141.06215192509103,142.01052545272404,5880800
2023-10-26,139.90719604492188,142.69595136732838,139.79452369334612,142.69595136732838,7612500
2023-10-27,136.71470642089844,139.58796638198925,136.10436433910672,139.42834242055258,11385800
2023-10-30,138.05743408203125,138.2546250518824,137.0902913917099,137.17479566695386,8205300
2023-10-31,139.28749084472656,139.47528290206088,137.69123686596154,138.53630828777375,7576900
2023-11-01,139.6161346435547,140.62083000855367,139.4001744987145,140.08562194045138,5733000
2023-11-02,141.07156372070312,141.22178878332534,138.53632057517345,138.695958882063,5349100
2023-11-03,142.10443115234375,142.9776850951694,140.98704893945944,141.98237418112302,4926800
2023-11-06,142.44244384765625,143.12789129340993,142.13258051057477,142.51756353491376,4851400
2023-11-07,141.69126892089844,142.95889042914916,141.48469335173735,142.65841166396353,4840400
2023-11-08,141.1748504638672,142.56452899423343,141.1654515472864,142.11382515447457,5460000
2023-11-09,138.4236602783203,141.31570431857273,138.2734208749679,141.31570431857273,6973600
2023-11-10,138.26402282714844,139.437741187311,136.7522730061544,139.2029975152785,6930700
2023-11-13,138.62081909179688,138.87433190750593,137.7006137056926,138.2640041736089,5889300
2023-11-14,138.64901733398438,139.4753053849731,138.00112245326946,138.63023382693845,6713600
2023-11-15,139.71939086914062,140.3015504009865,138.28276121128013,138.35788088113316,6729100
2023-11-16,140.9400634765625,141.00578423434658,139.56915454544134,140.37667310429632,6875600
2023-11-17,140.64901733398438,141.58799205618303,139.9729687154092,141.36264729253037,7023300
2023-11-20,141.888916015625,142.35268882274477,139.64571546210453,139.9959280555228,8851700
2023-11-21,143.0341796875,143.19508194682453,141.60497883654426,142.0687661315527,5916300
2023-11-22,142.750244140625,143.90495363176692,142.3432441760224,143.51690203498515,4633500
2023-11-24,144.34034729003906,144.51070929221564,142.7880975755649,142.7880975755649,3351400
2023-11-27,143.18560791015625,144.16996973550005,142.89219708760152,144.1415616291816,6449700
2023-11-28,143.5168914794922,143.68725346910742,142.76915312324107,143.2991874585139,5909000
2023-11-29,143.97120666503906,144.05638766109163,142.98685923405304,143.23294248121138,5190000
2023-11-30,146.384765625,146.83907870151018,143.79136686364785,144.11317135774453,12481900
2023-12-01,149.90573120117188,149.98145245771912,147.15143006897173,148.06953044637177,10342900
2023-12-04,150.37896728515625,151.4579698383566,149.5460479660711,149.5460479660711,8920300
2023-12-05,150.06663513183594,151.08885044311342,149.75429036097174,150.30325864530704,7268200
2023-12-06,148.23989868164062,150.17075469898776,147.81397923269316,150.03824610504068,6642900
2023-12-07,147.0851593017578,148.20202971263586,146.4320905845285,148.20202971263586,6532400
2023-12-08,146.15762329101562,147.51111742054815,145.60865495701367,147.10411743053186,6254700
2023-12-11,146.76336669921875,147.1608924715162,146.09136400403256,146.23333233615548,6090400
2023-12-12,146.7728271484375,147.00945064140214,145.4287929991287,146.7065656380785,5324400
2023-12-13,147.4542999267578,147.59628269796715,143.64940428987606,145.43827744523176,10764600
2023-12-14,148.47650146484375,148.7509927983377,146.75388998412745,148.09790966140216,9240700
2023-12-15,146.8580322265625,148.30616708563284,145.5329317832139,147.17037702158706,21727800
2023-12-18,147.12301635742188,148.0695102717724,146.479392985641,146.90532680097954,7231400
2023-12-19,148.0884552001953,148.12630860494826,146.64978029959858,146.99051871178327,6651500
2023-12-20,145.0691375732422,148.27775161461648,144.91769506900957,148.16416251526596,7008300
2023-12-21,146.55511474609375,146.82960606993507,145.09752046751407,145.46665251771194,4598600
2023-12-22,147.14198303222656,148.1547242359874,146.7255233064355,146.94321291133383,3798900
2023-12-26,147.7855682373047,147.98433832609572,146.5645973678371,146.70656568672223,4170000
2023-12-27,147.984375,148.14527728206235,147.1041278777114,147.17984914733285,5288100
2023-12-28,148.20201110839844,148.8267005254356,147.64358319423656,147.65304293364005,4377500
2023-12-29,148.35348510742188,148.50491318179678,147.6341403741396,148.1357810737426,4313700
2024-01-02,151.41064453125,152.99128775933352,148.40078613709088,148.53329471781788,9622100
2024-01-03,152.3571319580078,152.80198526893568,151.24973577198043,152.04478722209987,8232000
2024-01-04,152.03533935546875,153.31309761958954,151.83656925623967,152.94396552875207,6766600
2024-01-05,152.5085906982422,152.70734636076406,150.93740711113594,151.91229482597043,5602500
2024-01-08,152.88717651367188,153.0102253567128,151.06990974477563,152.48019102107878,6569800
2024-01-09,152.98184204101562,154.54355148861248,152.00695429866187,152.98184204101562,6357000
2024-01-10,153.208984375,153.9188548991701,152.57483510649038,153.1616712272709,4945100
2024-01-11,152.52749633789062,153.5213178873636,152.17729819318512,153.39828349299103,4946000
2024-01-12,153.701171875,153.77689313389197,153.03862891263697,153.18059724658855,4496900
2024-01-16,151.93121337890625,153.5686438737323,151.60939445870014,152.92503491802321,6923200
2024-01-17,151.84603881835938,152.66949849145115,151.3160044426036,151.67567681573226,5072100
2024-01-18,152.58432006835938,152.73574814802433,151.14564499388894,151.43905585382913,5368500
2024-01-19,153.02915954589844,153.2563233297251,151.70407357946098,152.52751882700755,7071300
2024-01-22,153.77688598632812,154.8274949357976,152.70734311242734,153.33203263748547,6824200
2024-01-23,151.2592315673828,151.92177460041054,148.5144042409729,151.11726321828934,9149800
2024-01-24,150.45469665527344,152.00694627947317,149.6974985463669,151.20242058081882,7247900
2024-01-25,151.0225830078125,151.07937033804333,149.9909079956789,150.492548669188,5478900
2024-01-26,150.9658203125,152.1394782840832,150.83331170622085,151.8460529594212,5591900
2024-01-29,150.83328247070312,151.50529955666357,150.45469065253099,150.50200379803843,6483200
2024-01-30,150.2748565673828,151.21187638517227,149.66910098449836,150.82382482098942,7200500
2024-01-31,150.39788818359375,152.02585899041122,150.18019861127283,151.81762915867745,8256800
2024-02-01,149.8867950439453,150.00984388929595,148.64689017645205,149.69749912657315,8012000
2024-02-02,148.2304229736328,149.83945985320466,147.59627373931016,149.51765536576067,8295900
2024-02-05,147.46377563476562,148.4954506813959,147.02838201784985,148.23043350322214,9121600
2024-02-06,149.6028289794922,150.2369781825386,147.27446198828915,147.49215154937042,9229900
2024-02-07,149.52711486816406,150.84274092224433,149.25263796868774,149.35675288414814,8690300
2024-02-08,148.03167724609375,148.92138404562783,147.00000210295505,148.92138404562783,9755000
2024-02-09,148.3723907470703,148.78885040804042,147.34071577752744,147.9086179410961,6529200
2024-02-12,149.4040985107422,149.93413289259104,147.98435736978115,148.20204696753612,6701500
2024-02-13,148.09793090820312,149.971985156097,147.41645401035925,149.20532725661104,8621000
2024-02-14,147.406982421875,148.08845926494968,146.55512914685542,147.98434434608126,9098800
2024-02-15,149.4703369140625,150.00037126515534,147.54895517017448,147.6341361675245,7462500
2024-02-16,149.2986602783203,149.97576517123542,148.4594169216859,149.34634720576673,8541000
2024-02-20,150.54798889160156,151.26324919333817,149.19376446655454,149.3082014581898,9501700
2024-02-21,151.3300018310547,151.33954794852556,149.85180882390392,150.70058381433591,7472500
2024-02-22,153.0180206298828,153.29459610108094,150.46216408671992,151.6161092469361,8065000
2024-02-23,154.34364318847656,154.73465567217966,152.74146698990154,153.42811808986485,6726000
2024-02-26,153.34228515625,154.5057765604888,153.13248882867526,154.30551179943703,5465400
2024-02-27,153.5234832763672,153.58070177821745,152.2455548950127,152.91312833661507,5078600
2024-02-28,154.06707763671875,154.12429613466526,152.86543097180734,153.54255048552795,6071100
2024-02-29,153.90496826171875,154.67744716105926,153.48534650108687,154.49624553242185,9849100
2024-03-01,154.6106719970703,155.03983984700574,153.62838228439088,154.33411106569832,5670100
2024-03-04,152.436279296875,154.12429776418747,150.93900856074583,153.84773683718575,8532900
2024-03-05,152.56027221679688,153.77145053801115,151.82593415016981,153.18015872695636,8298200
2024-03-06,151.95944213867188,153.47579058891301,151.8450051392602,152.07389369009263,5773700
2024-03-07,151.51121520996094,152.93220438272627,150.91040639496066,152.58887882329347,5188700
2024-03-08,152.131103515625,152.9608008180704,151.09158080620682,151.51120251613588,5284000
2024-03-11,153.76190185546875,153.84774415939032,151.52076142748834,152.10250711046385,4620800
2024-03-12,155.2019500732422,155.55480715672982,153.66652408140658,154.09567734143354,8018700
2024-03-13,153.63792419433594,155.14472647876192,152.40766828169868,155.00168023404066,6260000
2024-03-14,151.83546447753906,154.0575270270507,151.33954658978146,153.48532751226105,6988300
2024-03-15,150.85317993164062,151.81640658457667,149.82321776035846,150.73874292416707,13165500
2024-03-18,149.49893188476562,151.33954259450127,149.25098022343673,151.22510560496607,6602300
2024-03-19,148.97442626953125,149.59431272779653,148.44989912299448,149.41311111790125,7840600
2024-03-20,148.54525756835938,149.19376782357025,148.02074497689026,148.48803907125426,5982300
2024-03-21,148.53570556640625,149.6801190070784,147.91581919704404,148.3831132271149,5915800
2024-03-22,148.03981018066406,149.11747373126033,147.92537318485157,148.47850958462627,7248600
2024-03-25,148.03028869628906,148.75508063914282,147.72510395066035,148.20194420169798,7498100
2024-03-26,148.55479431152344,148.99347912965226,147.5915678310092,148.40220196086668,6864100
2024-03-27,150.64337158203125,150.8913232624431,148.2400927527748,148.76461991519315,8461600
2024-03-28,150.86273193359375,151.76872556611474,150.78643574163263,150.8722635005849,6181500
2024-04-01,150.47171020507812,150.82456733831089,149.50849812549177,150.41449170260898,4364700
2024-04-02,150.4240264892578,150.51940036342128,148.72647630362087,149.31776812981616,6102300
2024-04-03,147.11473083496094,150.7291876403751,147.10519926984128,150.4812214271863,8098200
2024-04-04,145.43624877929688,148.29728973888962,145.35042104299075,148.1160881497943,6947400
2024-04-05,145.3313446044922,145.92262175122076,144.58747511279915,144.98801910432564,6783000
2024-04-08,144.5684051513672,145.95123879043183,144.53979590415955,144.9498860341487,5935400
2024-04-09,145.23597717285156,145.4648657004191,143.94851740430406,144.53026301219825,6135300
2024-04-10,143.2427978515625,144.78777004542619,142.82317613352566,144.51119457126165,6809500
2024-04-11,141.89810180664062,143.88175880576023,141.51663546342877,143.81500874410185,8374400
2024-04-12,140.6869354248047,142.16514294199095,140.33406378459392,141.20191643331714,7100200
2024-04-15,140.75369262695312,142.56569419389874,140.5438817660225,141.49756220588586,8502300
2024-04-16,137.75914001464844,139.47576775900725,136.74824105186187,138.2931987457803,12774900
2024-04-17,138.06431579589844,138.67467067076123,136.89127842464006,138.2836582136751,9378100
2024-04-18,138.98936462402344,139.04658311059973,136.50025859391496,138.2645583220419,9887700
2024-04-19,141.0588836669922,141.26869453731473,137.84497054542007,139.3803967044118,9750800
2024-04-22,142.21279907226562,143.30954012836372,140.47710852512827,141.63105351785012,10118700
2024-04-23,142.6324462890625,143.5193766778119,141.3354402902956,142.91855333549807,10110400
2024-04-24,141.65016174316406,142.08886117060464,140.05751707416763,141.27822693485962,9756300
2024-04-25,140.0193634033203,142.65151607029597,139.55205476829585,142.45123678328318,7642700
2024-04-26,139.370849609375,140.3626707978363,139.1896480095581,139.90490829177784,6183000
2024-04-29,140.0193634033203,140.40082974276325,139.22780692456854,139.37085316385762,6149600
2024-04-30,137.8926544189453,140.07659082463837,137.83543591958374,140.07659082463837,8817700
2024-05-01,144.17739868164062,144.8163773677931,140.78229872015436,141.85043068422354,14470900
2024-05-02,142.9757537841797,145.27412687930487,142.23188428856352,144.99755143359727,8459800
2024-05-03,142.3558807373047,142.94715794259608,140.97304703511858,142.94715794259608,6532700
2024-05-06,141.69784545898438,143.0997569089018,141.0588812926697,142.92808685788688,5042800
2024-05-07,141.83132934570312,142.79454116899927,141.57383160109697,142.4607618094044,7333500
2024-05-08,142.0507049560547,142.7945745682339,141.8122848354329,142.21282889183638,7735100
2024-05-09,142.9090118408203,143.14743193761714,141.99347226623703,142.07930000860202,6546200
2024-05-10,142.96621704101562,143.13787250978297,142.2795660619332,143.0520447753993,5710600
2024-05-13,144.215576171875,144.95944584825122,142.7755237577642,143.09022553837596,5628500
2024-05-14,144.3681640625,145.15972065288747,143.71965373157587,144.81639507816533,8254200
2024-05-15,145.598388671875,145.86541802659212,144.29185114686564,144.78776904220106,5548000
2024-05-16,147.13381958007812,147.22919344647687,145.27414560137396,145.91310976062056,7591000
2024-05-17,147.47714233398438,147.68695319448193,146.59022651170628,147.68695319448193,6521800
2024-05-20,145.4293975830078,147.46753868212605,145.41977429918632,147.1887421744625,7742300
2024-05-21,145.4005584716797,146.6984255414066,144.96792144546393,145.91970236564242,5492400
2024-05-22,147.57327270507812,148.13088031669818,144.5160614585425,145.0159733837428,6609800
2024-05-23,143.9199981689453,146.93876046434426,143.6123611722215,146.85223893429435,8000400
2024-05-24,141.29541015625,144.02575270283478,141.09351191494244,143.75656482751737,9520600
2024-05-28,138.805419921875,141.12235745488894,138.58428977598095,141.12235745488894,10499800
2024-05-29,138.8631134033203,139.80527108504168,138.1613031168083,138.2670565574861,8263800
2024-05-30,139.67066955566406,139.98792986049116,138.4593240305751,139.03614894600983,8490300
2024-05-31,141.00698852539062,141.78571163083896,139.58413625037838,139.949468934767,14621200
2024-06-03,142.03565979003906,143.15086022383096,141.10311099988698,141.56457375420214,7329200
2024-06-04,142.09335327148438,142.58365657412352,140.54551578318691,141.7857016285155,8876400
2024-06-05,140.33401489257812,142.27602562960618,140.21865285639532,142.25679373369627,5891300
2024-06-06,140.7666473388672,141.32425500331863,139.07460711785683,139.8821707685909,5016300
2024-06-07,141.4011688232422,142.5740651818604,140.6897353151762,141.0166042230824,5111600
2024-06-10,141.44924926757812,141.86263973288982,139.9783244287988,140.87240966938842,5749900
2024-06-11,141.09352111816406,141.47808572915827,139.82449457598307,141.14159352824333,5661200
2024-06-12,139.79562377929688,141.52612747978398,139.1899438167172,141.3819102807886,6180500
2024-06-13,139.83409118652344,140.36285831272514,138.3247173931535,139.46877317448846,6840400
2024-06-14,139.92062377929688,140.33402889961206,138.90155323893083,139.53607384054587,4075300
2024-06-17,140.31478881835938,140.77625165187519,139.15151578621595,139.4207036615701,6666600
2024-06-18,140.0263671875,140.73780065985704,139.6514258896883,140.32441023877902,6156600
2024-06-20,142.07412719726562,142.36254695695627,139.41107439855548,139.66104503611862,8749700
2024-06-21,143.0066680908203,143.32392834173123,141.67994607239962,142.17987264986266,15172300
2024-06-24,143.36236572265625,143.93920516246735,142.44904883431894,143.24700370254857,6914700
2024-06-25,141.50692749023438,143.4393151675009,141.26658010735665,143.42008326937147,5912500
2024-06-26,141.1511993408203,141.50690872602647,140.15134614563382,140.55512793496902,5267800
2024-06-27,140.1705780029297,141.67034312566167,139.24763772067408,141.13196740669514,5739200
2024-06-28,140.51669311523438,141.39156108265706,140.02637508070714,140.40131639965404,10495700
2024-07-01,140.78587341308594,142.95860828913857,139.9975270226148,140.4301640108503,5144400
2024-07-02,140.39169311523438,141.4684445505363,140.11289664346444,140.7762430079456,5492000
2024-07-03,140.06483459472656,140.98776027332244,139.15151752978554,140.55513794462817,3246200
2024-07-05,140.82432556152344,140.89162986589966,138.92077851702442,140.14174725232004,4888500
2024-07-08,139.86293029785156,141.53575318866373,139.64181483624648,140.7474068139104,5260200
2024-07-09,141.372314453125,141.44922736561716,139.57450629660212,140.0455923845022,5890400
2024-07-10,143.66041564941406,143.69887944165606,141.0165947138602,141.57420234426093,6093200
2024-07-11,143.9199981689453,144.76602558180375,142.90092769598704,143.80463612887874,6350400
2024-07-12,144.0930633544922,145.05445285716237,143.47777465956887,144.20842540052791,5336400
2024-07-15,143.477783203125,144.44878137757087,143.12205909060006,144.2853469127418,6711400
2024-07-16,145.17942810058594,145.24673240932472,143.40086626627922,143.9104015452097,6469600
2024-07-17,150.53436279296875,151.4092307187126,145.57358967889562,145.69857500247014,13801400
2024-07-18,149.4191436767578,151.0054450404457,148.65002919766417,149.59220140263218,10166200
2024-07-19,148.7173309326172,150.46705203945967,148.16933192471774,150.46705203945967,7398000
2024-07-22,148.2847137451172,149.1211178706183,147.65980180211483,148.79424897900165,6840600
2024-07-23,146.46768188476562,147.57327383390705,145.7177993215911,147.390607499609,6261900
2024-07-24,150.2459259033203,150.3709112126541,146.44844091842435,146.86183129600963,7168200
2024-07-25,153.47622680664062,154.37993532861282,149.9767694398302,150.4382323152227,10019600
2024-07-26,154.43760681152344,155.34131527765487,153.3127828705852,153.58197075373423,8356900
2024-07-29,152.43789672851562,153.82229977362022,151.94759342905675,153.7934592659837,5625000
2024-07-30,155.10096740722656,155.3124742675411,152.2456394626196,152.41868252852822,6545700
2024-07-31,151.75531005859375,154.15878335904893,151.64955664658825,153.67808869895788,8293200
2024-08-01,154.55296325683594,154.60103566343662,151.62073715950018,152.36099647652284,7213400
2024-08-02,157.80245971679688,158.4850526635515,154.78369750747393,155.64894212257957,11280400
2024-08-05,155.02406311035156,159.3791565469502,154.37993387980026,157.46598608392875,12032200
2024-08-06,152.8320770263672,155.24515918563532,152.80323651738442,154.83176877712333,7607100
2024-08-07,152.76478576660156,154.41837688108694,152.08220743622238,152.7359452551568,5993000
2024-08-08,154.03379821777344,154.4952609844557,151.9283532571825,152.44751170563234,5094800
2024-08-09,154.41835021972656,154.7163785662924,153.18777304508475,153.93765555245594,4579200
2024-08-12,153.7069549560547,155.45667618371178,152.58213102335242,154.75486596990046,7605400
2024-08-13,152.27447509765625,154.1780221098947,150.3997685954791,154.08189196623675,9711400
2024-08-14,152.3610076904297,153.38970152276917,151.3227052439184,151.73611036754454,5141200
2024-08-15,152.9474334716797,153.341606639554,151.74569674252956,152.2552319421182,7237800
2024-08-16,153.23587036132812,153.7646375152288,152.07258262274664,152.99552298861323,5012800
2024-08-19,153.4665985107422,154.10110438191884,152.9859037985438,153.30316406895133,4408400
2024-08-20,153.9761199951172,154.7163792237208,153.50503393812087,153.82229418022405,7275100
2024-08-21,155.1970977783203,155.24517018657755,154.12034624762742,154.2068677807068,5019400
2024-08-22,156.08157348632812,156.21616741427366,154.58179371397196,155.7450813316453,6552100
2024-08-23,157.7928466796875,157.87936820484464,155.4566628129786,156.225777265753,7093400
2024-08-26,158.2543182373047,159.31185250207156,157.22562448251887,157.83130453139796,6870600
2024-08-27,157.84747314453125,158.90333795517913,157.08221726019505,158.3802537126053,4388700
2024-08-28,158.787109375,159.83329270094254,157.61500683921128,157.89591945608262,5187000
2024-08-29,159.08737182617188,159.5620335086649,158.24461934309576,159.47485527544646,7390100
2024-08-30,160.66635131835938,160.78258897411476,158.68054094029722,158.98083140498778,7971000
2024-09-03,161.92564392089844,162.55528425307764,159.61048370517096,160.06576755680211,6956500
2024-09-04,162.119384765625,163.56273307446946,160.8407113997788,162.555290765442,6939100
2024-09-05,159.82359313964844,162.12905699007703,159.668599750095,161.96438205654522,4600400
2024-09-06,159.2327117919922,160.7438605586616,158.98084381022406,160.00764926547456,6016900
2024-09-09,161.3928680419922,162.16782024469637,159.31987939882418,159.678288695419,7538200
2024-09-10,162.1387481689453,163.1849313437515,161.5284709550627,162.25498581692955,6559600
2024-09-11,159.65890502929688,161.5672037043696,158.95175329069008,161.5672037043696,5920200
2024-09-12,159.4845428466797,159.93014513494188,157.61498501908312,159.0583184268592,4540900
2024-09-13,160.33700561523438,160.55979938822875,158.69024139821857,159.58143127118026,3693400
2024-09-16,161.76097106933594,162.0128242492569,160.58885384916144,161.15069381758542,5187800
2024-09-17,161.83847045898438,162.46811080975402,160.7341535923075,161.03445884153487,5066500
2024-09-18,160.94725036621094,163.07837241557064,160.5501001488143,161.41223051206165,4722800
2024-09-19,159.65890502929688,161.16035717610674,159.27142158739275,161.0247416666858,4956100
2024-09-20,159.01959228515625,159.70735147858838,158.4286928809904,159.1552078149164,11839000
2024-09-23,158.1090087890625,159.34892630365795,157.62466554801796,159.25205174305594,4671600
2024-09-24,157.68280029296875,158.37057426832786,156.4913199383724,157.6924818376134,6041600
2024-09-25,155.57107543945312,158.20590420047236,155.33858533195684,157.89591739047734,5420000
2024-09-26,156.33631896972656,156.48161603728326,155.00922314943045,155.2223353691693,6122000
2024-09-27,156.34597778320312,158.31240997682164,156.28785896463017,156.92719553089526,7553800
2024-09-30,156.98533630371094,157.10157395711255,155.64854416565876,156.51068936499874,6010000
2024-10-01,156.9175262451172,157.65372263951514,156.13287779014868,157.34373587493758,4408000
2024-10-02,156.12319946289062,157.04344867009158,155.61947835056628,156.45254932130229,4684400
2024-10-03,155.4741973876953,156.384765145453,155.20296632551018,155.74542844988045,4791200
2024-10-04,155.270751953125,155.4741826209344,153.80804066519715,154.63143009925884,5331100
2024-10-07,154.53456115722656,155.82291601758538,154.23427069747817,155.23201664224763,4266000
2024-10-08,154.6895294189453,155.23199142339303,153.9726961810788,154.49579510035412,4766300
2024-10-09,155.61949157714844,156.17165001698834,154.51518947845267,154.91235451963743,6047200
2024-10-10,155.48385620117188,156.3363050039766,154.98983143462758,156.3072455930612,4793900
2024-10-11,156.4041290283203,157.56654987386796,156.15226107811327,157.1015697108625,5253500
2024-10-14,156.5397491455078,157.06283336802537,155.86165674978554,156.3460000147395,5964000
2024-10-15,158.96145629882812,161.5284695425841,154.02114936894077,154.98983584295925,10548000
2024-10-16,159.1358184814453,159.82359240631837,157.54717319827,158.86458744146293,5982100
2024-10-17,159.3198699951172,159.83327265814654,158.506176881748,159.1164393262834,4798000
2024-10-18,159.94952392578125,160.11419887124597,158.79678452654397,159.7267301502683,5908000
2024-10-21,157.73123168945312,160.07545135156434,157.22751054803751,159.93015428239812,6082700
2024-10-22,158.33180236816406,158.60303340037385,156.83033536637095,157.23719669566833,5680300
2024-10-23,160.66635131835938,160.80196684373522,157.3340672308571,157.72155071834788,7441600
2024-10-24,158.544921875,160.32730153471033,158.2252535478264,159.8332767277966,5386300
2024-10-25,155.84228515625,158.7870855428219,155.58073566877383,158.55459546717833,6400400
2024-10-28,156.5397491455078,156.89815843165903,155.95853131516972,156.08446529397244,4842500
2024-10-29,155.0770263671875,157.09189616653123,155.04796695314275,156.4041369928272,5216900
2024-10-30,155.58074951171875,156.22976773536524,154.0502229680962,154.45706955093502,5820500
2024-10-31,154.85423278808594,155.8326008844147,154.46676407969414,154.98016676975598,8613900
2024-11-01,155.11578369140625,156.01665509796524,154.87361205123656,155.5516896875149,5256400
2024-11-04,153.28497314453125,155.26108730798407,153.12029819599223,154.69924730538852,4644000
2024-11-05,153.39151000976562,153.6239853051206,151.45413704989986,152.73279551730027,6547100
2024-11-06,152.93624877929688,155.81324923227646,152.42284605155163,154.89298511557755,8926600
2024-11-07,151.82223510742188,153.77898602895382,151.60912288918655,153.50775498410584,7522800
2024-11-08,150.60169982910156,152.16128577327757,150.5435810007818,152.08378907519,8926100
2024-11-11,150.18515014648438,152.6456221615239,150.05923095113576,150.74699009652502,7146800
2024-11-12,147.8603057861328,150.18514745828955,147.59875629419574,149.69112266772652,7181400
2024-11-13,148.4415283203125,148.70306303959268,146.67851175103127,147.724694971102,7161900
2024-11-14,147.1144256591797,148.7805677534201,146.0391829679081,148.3834027095756,7716400
2024-11-15,149.177734375,149.5942625124733,146.17480004336926,146.17480004336926,11328500
2024-11-18,149.92359924316406,150.46606126574022,147.56000204681234,147.8118551912994,7510600
2024-11-19,148.2090301513672,149.1680350793827,147.288780959565,149.12927934316934,8233700
2024-11-20,148.3155975341797,148.45121305927506,147.05630206916038,148.2381008368418,9061300
2024-11-21,150.63075256347656,151.1732146450501,148.02498348214786,148.80961719163696,10141100
2024-11-22,150.3110809326172,152.2000166325871,149.28427561781214,151.01821793189148,8266000
2024-11-25,150.9019775390625,152.12251717354584,150.282018787756,150.31107819945922,12256200
2024-11-26,150.8824462890625,151.59525717507208,149.55446147563578,151.50737944246438,5683500
2024-11-27,151.7417449951172,152.94280046975848,150.96058959970108,150.98988218204997,4140400
2024-11-29,151.36090087890625,152.00536738055396,150.54067891294454,151.2437305693636,5687800
2024-12-02,151.15586853027344,151.35115736631334,150.306338999146,151.10704259636768,6946500
2024-12-03,148.7733154296875,151.1558781194377,148.72448949268428,151.1558781194377,8674400
2024-12-04,146.92779541015625,147.99213220574455,146.2247436975736,147.72848408863038,10333100
2024-12-05,146.00018310546875,146.83993860971114,145.44359421214753,146.46887934749697,7898100
2024-12-06,145.79510498046875,146.51769007407336,144.8870051746042,145.8732234959598,8389600
2024-12-09,146.0782928466797,147.3379185775207,144.9455966719243,145.77557799857644,8410300
2024-12-10,145.71697998046875,147.27932042159756,144.83817279457298,146.4004983361191,9398700
2024-12-11,143.18795776367188,145.00417223410255,142.92430964227208,145.00417223410255,13446700
2024-12-12,142.79739379882812,144.29137513083234,142.57279746294867,143.73478625441516,6176300
2024-12-13,143.16842651367188,143.47112644659353,141.6256193688481,142.23103413427467,8324900
2024-12-16,140.46363830566406,143.78359306863834,140.14140503579463,143.27583019797297,8732400
2024-12-17,142.96337890625,143.2074936786876,140.3269423438407,140.45387189379161,10343000
2024-12-18,141.3424530029297,143.28561195210492,141.26433448793145,142.25055280306566,9336100
2024-12-19,140.1999969482422,141.80138924864332,139.99493398496173,140.74681165087918,9516700
2024-12-20,141.0690460205078,142.04550511117398,139.38953519259533,139.68247589971185,17702800
2024-12-23,141.8502197265625,141.9088048894955,140.0730569864818,141.22528648930432,8720800
2024-12-24,142.41656494140625,142.41656494140625,140.93234294537487,141.5865687509638,3164100
2024-12-26,142.1529083251953,142.92430440823344,141.67443803344858,142.084549040839,4656300
2024-12-27,141.63539123535156,143.14890577539174,141.27409124734757,141.45962085477984,5588300
2024-12-30,139.96563720703125,141.46939249377033,139.58481877200197,141.43032578784886,6268700
2024-12-31,141.21551513671875,141.2643410733167,139.9363560556058,140.37575968581945,5811400
2025-01-02,140.629638671875,142.33844203512305,140.395283132494,141.81114579641152,6051300
2025-01-03,140.79563903808594,141.1666982613835,140.23905020313964,140.6784687147639,5878800
2025-01-06,140.27810668945312,141.4108027309781,139.56528087562768,140.13162889639017,7910500
2025-01-07,142.78761291503906,143.71524609892302,140.20976143477625,140.37575769719055,8422000
2025-01-08,138.92083740234375,142.16267379826706,138.11037457846714,142.06503683007398,11175600
2025-01-10,138.7157745361328,140.28787425108914,137.3682562377179,137.6807302951522,8821500
2025-01-13,141.0690460205078,141.6549274347408,138.9598908087689,139.61411661156524,10376400
2025-01-14,141.3424530029297,141.40103816428257,139.49694592239808,141.0983382309039,8681700
2025-01-15,141.55726623535156,142.61184377171045,140.86397377085905,141.8892587283954,7434600
2025-01-16,144.29135131835938,144.58429199973034,140.66868185455502,140.92257073154812,8964000
2025-01-17,143.56878662109375,144.88701242414055,143.15867556893306,143.96913844567348,10773100
2025-01-21,144.66241455078125,145.3557070908205,143.58831844455335,144.08630723838397,11111700
2025-01-22,141.8502197265625,142.04550856953375,138.76460534903245,140.61011247934044,16834700
2025-01-23,143.18795776367188,144.4280649573552,141.40103587344308,142.01620985684826,10506400
2025-01-24,143.36373901367188,144.15466853825302,142.93409460536012,143.35396488647487,9887300
2025-01-27,149.2908172607422,149.8376319217418,144.5159333036521,144.9553368776995,15152300
2025-01-28,146.83993530273438,149.36896098661137,146.7618167808915,149.06626102671055,10320600
2025-01-29,147.591796875,148.30462279336854,146.46887479474074,146.9571043773899,7156400
2025-01-30,149.27130126953125,150.5114085268304,147.79685335859583,148.33390885581858,8911000
2025-01-31,148.56825256347656,149.57400428823024,148.48037481655652,149.02718955239337,8457800
2025-02-03,148.2948455810547,148.88072702787952,147.23050868892088,148.42179003776968,6687500
2025-02-04,149.876708984375,150.5504532313688,147.3964945868191,147.796846384,9645000
2025-02-05,151.0484619140625,151.0875137225951,149.70094357614224,150.19894725733027,8947000
2025-02-06,149.896240234375,151.19493270466268,149.76931067533755,151.1461067667632,7418100
2025-02-07,149.51539611816406,150.85315506919696,149.20293698844182,149.9157478808667,6204900
2025-02-10,150.6090545654297,150.7359841147051,148.70494743088318,149.99388057429417,6936200
2025-02-11,152.45455932617188,152.70843332045408,150.31611157951082,150.48210783341645,7554500
2025-02-12,151.6050262451172,151.99561880359397,150.63834132450023,151.61480037131824,7746000
2025-02-13,153.54820251464844,154.40749134110297,151.14610643141617,151.60504342740126,10704700
2025-02-14,152.4740753173828,153.76300842042124,152.38619757842548,153.58723804292384,6411800
2025-02-18,152.55282592773438,153.0055841307649,150.83034424561512,151.71618596030854,9670700
2025-02-19,155.4072265625,155.81078304014392,152.31660272033412,152.56267154540734,7974700
2025-02-20,157.1690673828125,157.43482591010795,154.48200010991016,154.48200010991016,7224000
2025-02-21,159.7478790283203,160.93884369225492,156.77536351315888,157.36593468160243,12546900
2025-02-24,161.1652374267578,162.2774582642801,159.50180982456192,160.12189302919066,10201900
2025-02-25,163.478271484375,163.81292146242848,161.3620857197358,161.51957336311918,12303700
2025-02-26,160.515625,162.53339246020462,160.00379761552887,162.48417568920453,11396400
2025-02-27,161.1553955078125,161.37193728182936,159.18684484864082,159.75772634206254,8364600
2025-02-28,162.42510986328125,163.33064131277897,160.1415840193619,161.72626781069508,12037200
2025-03-03,164.64956665039062,164.6987834178655,162.24793257856425,162.36605582427373,9191500
2025-03-04,162.81881713867188,167.31696243598003,162.72039862069772,165.43699302213946,11999700
2025-03-05,162.52352905273438,163.8424693392176,160.9585349656675,161.92312053256515,8744800
2025-03-06,163.2223663330078,163.2617307346719,160.9388405464334,162.40541607413067,8037900
2025-03-07,164.06884765625,165.81101909470436,162.11013445623186,162.53338063341513,9637600
2025-03-10,165.06295776367188,167.2283603275132,164.42318485350802,164.8464160054029,17559000
2025-03-11,163.25189208984375,164.66925084004558,162.4546315475673,164.57081730839613,9890300
2025-03-12,160.2892303466797,161.6278452864034,159.67896947933244,161.15538235319616,8010700
2025-03-13,160.42703247070312,161.95264713179483,160.10221982770813,160.86010097584764,5286700
2025-03-14,160.24984741210938,160.58449738498982,158.5667451833678,159.57069510200913,6235800
2025-03-17,160.27938842773438,160.92901373909496,159.18684222911867,159.85615725202484,6669800
2025-03-18,161.66722106933594,162.26762961439613,160.40734986311938,160.8699604643387,7348800
2025-03-19,160.42703247070312,161.77548479135146,159.6592989577509,161.39161803487536,5936400
2025-03-20,160.45655822753906,160.6337205665472,159.38368677221132,160.43686851692192,7485900
2025-03-21,161.0569610595703,161.54909867569677,159.9250355311706,160.43686285721958,17047100
2025-03-24,160.72230529785156,161.80501412305765,159.94473442800285,160.2793844216669,8046400
2025-03-25,158.48800659179688,161.60815736415475,158.0352333638426,160.94869474212788,7456200
2025-03-26,159.17698669433594,159.93488280432192,158.11396767508032,158.67501174865177,7223500
2025-03-27,160.56483459472656,161.4900557803169,158.78329870363626,159.79710106175781,6752500
2025-03-28,161.13571166992188,161.93297223862385,160.34828844717157,161.0175884242576,5760300
2025-03-31,163.23220825195312,164.00979413095163,161.6475244560175,161.785322393975,12481400
2025-04-01,150.84019470214844,159.2655891451383,150.72208646828307,158.20256998380086,23303100
2025-04-02,152.91700744628906,153.340238605828,151.0370380650212,151.58822981644346,10356900
2025-04-03,157.306884765625,158.12382004341873,155.00366916232215,156.25370299153215,13249300
2025-04-04,150.83035278320312,157.30688607683038,150.52521482355166,156.65726077256477,16601700
2025-04-07,148.2515411376953,150.3086879325969,145.0821734646776,148.90116644134844,18083000
2025-04-08,147.64129638671875,151.1748411423837,145.67274576822916,151.1748411423837,12018400
2025-04-09,148.59603881835938,150.78113112081058,139.2749508033681,139.963940489085,18773700
2025-04-10,146.35189819335938,148.82242381376955,142.84788049405753,148.00547350450657,13830500
2025-04-11,149.34408569335938,149.95434658657715,145.85975777162477,146.9818310025748,9943900
2025-04-14,151.93272399902344,152.23784691508953,148.79288363513396,149.20627742646687,10685300
2025-04-15,151.20437622070312,153.8422419992049,149.70828848486343,153.2516707747918,10847700
2025-04-16,151.48980712890625,153.1827617581442,149.846069265872,152.92684058142436,7986900
2025-04-17,154.99383544921875,156.93285902621403,151.73588655128893,151.73588655128893,10981100
2025-04-21,154.4524688720703,155.74186703356756,153.04496248779415,155.47612353231503,6285400
2025-04-22,155.26942443847656,156.22417265554913,153.8028488737618,155.07257238749074,7136300
2025-04-23,152.9366912841797,154.62964589502218,151.90319928052554,154.02923739909724,9099400
2025-04-24,152.49375915527344,153.4485073610632,151.02719862673862,153.35008884615775,8310400
2025-04-25,152.14927673339844,152.46423701764508,150.0527655513587,151.89337056377,8643600
2025-04-28,152.90716552734375,153.35992373010768,151.40122560194268,153.05480080675625,5815200
2025-04-29,153.45835876464844,154.5509048995422,151.8638226371409,153.00558553860344,5246700
2025-04-30,153.85206604003906,155.71234571154775,152.58235754186757,155.71234571154775,9598200
2025-05-01,152.0311737060547,152.65125694961137,150.9484648381786,152.5626757746532,7325800
2025-05-02,153.66505432128906,154.2556255061051,152.60203519992965,153.61585257159533,5974500
2025-05-05,152.5626678466797,154.32451398319625,152.29690931676586,154.20640575605626,5464100
2025-05-06,152.04100036621094,153.44850677667245,151.27326686616857,152.38550271418956,8644200
2025-05-07,154.82650756835938,155.45644315909516,152.0705337268219,152.30676520541624,7853100
2025-05-08,153.21229553222656,154.5607478760147,152.34612846937628,153.3697831834446,7606100
2025-05-09,151.79493713378906,153.60600007131816,151.39138065848175,152.97606448353199,6520400
2025-05-12,151.7161865234375,152.91700353065133,148.8027251734314,149.6295277982423,9023800
2025-05-13,146.10581970214844,149.314551592555,145.75148001336103,149.314551592555,10549600
2025-05-14,144.05853271484375,146.47985654779342,143.82230123735994,146.33220624229762,10216000
2025-05-15,147.25741577148438,147.29678017185935,145.0132694789125,145.67273207184084,7945800
2025-05-16,148.95037841796875,149.11770341161431,146.87355699742267,147.31647786517257,8051200
2025-05-19,150.09214782714844,150.25947282803074,148.67478897396975,149.50157663204087,12639900
2025-05-20,151.24374389648438,151.61775829196426,149.7279515470404,149.93465596518237,7351500
2025-05-21,150.7712860107422,152.00163015831197,150.5941236625399,150.78113837598642,7032200
2025-05-22,150.2102508544922,150.9090929105293,148.98974410235155,150.24961525733917,7535300
2025-05-23,150.53506469726562,151.06656674360067,149.81654794350843,150.59411881143075,6727300
2025-05-27,152.13333129882812,152.91756823405223,150.8229423163012,151.4086547450635,6990700
2025-05-28,151.3192901611328,152.52047999141797,150.82293348124045,152.1631025759913,8459300
2025-05-29,152.46092224121094,152.91756191192428,150.4556369785544,150.64425494378102,6810600
2025-05-30,154.0790557861328,154.57541249356527,152.10355063741395,152.7785884886719,15529700
2025-06-02,154.2676544189453,154.40663368734565,151.1902520050512,153.35435991979972,6669300
2025-06-03,153.2947998046875,154.52576986093197,152.9572808876477,153.67203573996977,8209800
2025-06-04,152.10354614257812,153.80107754917458,152.0142055733055,153.80107754917458,6983900
2025-06-05,152.54034423828125,152.9672037281967,151.52777233188036,152.5601875999487,5295400
2025-06-06,153.90036010742188,154.89307352623908,152.87786649784854,152.87786649784854,5391500
2025-06-09,154.09889221191406,154.85336406771836,153.32457699498096,153.72167143161585,5319000
2025-06-10,155.3100128173828,156.29280456447026,153.8904398858613,154.29744087925678,6791600
2025-06-11,154.12867736816406,155.45892483925456,153.602540476821,155.16110778908194,6016000
2025-06-12,155.5184783935547,155.53832175445197,154.03933003610473,155.10154060065554,7075500
2025-06-13,155.9552764892578,156.52111523341546,154.83350553390144,154.83350553390144,6587500
2025-06-16,154.08897399902344,155.35964592964285,153.32458044545257,155.28022704052862,7024000
2025-06-17,151.26966857910156,154.148531300887,150.99171004655418,153.84079257896693,6407100
2025-06-18,149.63168334960938,151.53769121924913,149.6118399883077,151.45828747883434,8325200
2025-06-20,148.6985321044922,150.2968012691706,147.95399706158494,150.15782200039877,22605500
2025-06-23,150.21739196777344,150.32657589499183,148.64890305105794,148.64890305105794,7397900
2025-06-24,151.0810546875,151.60719157740567,149.87986480920696,150.3960800182556,9544200
2025-06-25,151.17039489746094,151.95464696382257,149.63168610244648,150.27695889911928,7153700
2025-06-26,150.90235900878906,152.10354889193732,150.4258608164513,151.58733368080212,7156900
2025-06-27,151.29945373535156,152.2127482505039,149.90964587938586,150.90235928467374,10010800
2025-06-30,151.63697814941406,151.85537631829527,150.41594485801824,151.05128085450764,9039300
2025-07-01,154.78387451171875,156.60054188665848,151.69653517194763,151.88515314522186,10896700
2025-07-02,154.42649841308594,155.16111180283434,153.94007852790537,154.8632947449577,5544000
2025-07-03,154.8732147216797,155.14125158557934,153.75145886092307,154.29743912214934,3482500
2025-07-07,154.13861083984375,155.21074310855383,153.7613749080002,154.88314587525875,6270900
2025-07-08,154.65481567382812,155.61774889454983,153.08634181394373,153.35436352870622,6438200
2025-07-09,155.14125061035156,155.5482667441583,153.94007586607887,154.6548155859773,6147400
2025-07-10,156.5409698486328,158.07967856341432,154.6846007400997,154.9625592649837,6732900
2025-07-11,155.75672912597656,156.0346876710312,154.04926083629547,155.9453470988932,7872000
2025-07-14,155.6773223876953,156.3225800375297,154.38679194042226,155.7269459395254,10185600
2025-07-15,154.03933715820312,156.04462247661783,153.67203804577238,155.22066853317216,6873200
2025-07-16,163.57931518554688,164.90954752519434,158.63560662399456,159.1319633311112,22134800
2025-07-17,161.79241943359375,163.49988762736834,161.1173816185499,161.99095907639466,11295700
2025-07-18,162.50717163085938,163.89697940313886,162.16965272881,162.73549145899824,9792600
2025-07-21,163.16236877441406,163.71828583348403,161.59387984483593,162.5766715262942,8254000
2025-07-22,166.70635986328125,166.83541745706063,163.50983653848166,163.79771676967616,9288000
2025-07-23,167.8678436279297,167.88768698984708,165.37612327528475,167.37148692311334,10617600
2025-07-24,168.32447814941406,168.75135277921373,167.64944032242454,168.26491777028016,6636900
2025-07-25,167.07366943359375,168.64215843442236,166.21993529763907,168.51310084427433,6254900
2025-07-28,165.00881958007812,166.716287809053,163.84734674076452,166.63686892077462,8014600
2025-07-29,166.8850555419922,167.5501717232516,165.1577287183899,165.45554577730132,7663400
2025-07-30,166.04122924804688,167.3813983278141,165.56473108200672,166.4780255450852,6189200
2025-07-31,163.53961181640625,165.8526358681021,163.03331828531643,164.72092804453877,11036200
2025-08-01,166.11073303222656,166.39861324980154,163.589232544041,164.27420720537964,8927800
2025-08-04,169.79368591308594,169.9426020051953,165.425753201411,165.81291080472943,12679100
2025-08-05,169.4958953857422,170.30991251627796,168.41382624192067,169.29734058295347,7934400
2025-08-06,169.3469696044922,170.925380222256,168.44359680529257,168.67193178592797,8957200
2025-08-07,170.28012084960938,170.36946141628047,168.68185173954336,169.9227434353212,9315900
2025-08-08,172.0670166015625,172.6924308950189,169.14843676223865,169.77385105569505,7686800
2025-08-11,172.55345153808594,173.32776678312055,171.78905797397582,172.13649857758625,7256800
2025-08-12,171.52101135253906,173.4865795436525,170.5580781915039,172.73212285100382,7916700
2025-08-13,173.14906311035156,173.26818386678403,171.44159491266853,171.7394119513535,5878700
2025-08-14,173.44688415527344,174.43959754208356,171.4614573816532,173.03986803125628,8241700
2025-08-15,175.35289001464844,175.97830428834766,173.68513881492242,174.2906945797857,9477600
2025-08-18,174.96572875976562,176.27611765877361,174.8168278156073,175.21390709843195,9284000
2025-08-19,176.5044403076172,176.88166108804336,174.69769470242457,174.75725508103903,9274200
2025-08-20,177.536865234375,179.2939722373882,176.7029895930688,177.19934630540888,9030000
2025-08-21,177.62620544433594,178.767834968949,176.86182701516904,177.24898464409927,8859600
2025-08-22,177.98358154296875,179.83996592972952,176.17685100409255,178.72811660435497,9524000
2025-08-25,177.11000061035156,178.94651130433263,176.99086470246428,178.21191308578193,6229100
2025-08-26,176.49000549316406,177.16000366210938,175.77000427246094,176.75,9145000
2025-08-27,176.7899932861328,177.69000244140625,176.16000366210938,176.97000122070312,5951100
2025-08-28,175.4499969482422,176.49000549316406,174.6300048828125,176.3699951171875,6424700
2025-08-29,177.1699981689453,177.41000366210938,175.4499969482422,175.97000122070312,6942300
2025-09-02,178.05999755859375,179.1999969482422,176.88999938964844,177.47000122070312,9049000
2025-09-03,178.0,178.2899932861328,176.52999877929688,177.6699981689453,7111700
2025-09-04,178.75999450683594,178.89999389648438,177.5500030517578,178.0,7854800
2025-09-05,178.42999267578125,179.50999450683594,176.55999755859375,178.0,9733800
2025-09-08,178.1300048828125,179.4499969482422,176.6999969482422,177.36000061035156,8382500
2025-09-09,176.9600067138672,178.08999633789062,176.4499969482422,178.0,6005700
2025-09-10,175.7899932861328,176.61000061035156,174.3300018310547,176.3000030517578,6891600
2025-09-11,178.5,178.85000610351562,175.6300048828125,175.75,5792500
2025-09-12,178.05999755859375,178.8000030517578,176.72000122070312,177.7100067138672,7220200
2025-09-15,177.39999389648438,178.99000549316406,176.92999267578125,177.75999450683594,4768100
2025-09-16,176.4600067138672,177.6199951171875,175.64999389648438,177.57000732421875,7959300
2025-09-17,177.1999969482422,178.50999450683594,176.58999633789062,176.7100067138672,6714900
2025-09-18,174.16000366210938,177.02000427246094,173.8699951171875,176.60000610351562,8200900
2025-09-19,176.19000244140625,177.16000366210938,173.3300018310547,174.69000244140625,25621000
2025-09-22,174.2100067138672,176.63999938964844,174.1199951171875,176.08999633789062,7193900
2025-09-23,176.5800018310547,176.97000122070312,174.8300018310547,174.88999938964844,8350400
2025-09-24,176.69000244140625,176.9499969482422,175.74000549316406,176.13999938964844,6676800
2025-09-25,177.72999572753906,178.39999389648438,175.91000366210938,177.1999969482422,8475000
2025-09-26,179.7100067138672,179.91000366210938,177.32000732421875,178.60000610351562,8634400
2025-09-29,181.6199951171875,181.8699951171875,179.8000030517578,179.8300018310547,8597100
2025-09-30,185.4199981689453,185.99000549316406,181.07000732421875,181.6999969482422,11569000
2025-10-01,186.0500030517578,186.55999755859375,183.91000366210938,186.0,13063800
2025-10-02,185.97999572753906,186.58999633789062,184.08999633789062,184.19000244140625,7728100
2025-10-03,188.63999938964844,189.77999877929688,186.91000366210938,187.05999755859375,8675100
2025-10-06,188.16000366210938,189.9199981689453,187.3699951171875,188.0,5659700
